{"failurestatus": [1, 1, 0, 1, 1, 0, 0, 0, 1, 1, 0, 1, 1, 0, 1, 1, 1, 0, 0, 0, 1, 1, 0, 1, 1, 1, 0, 0, 1, 1, 0, 0, 1, 1, 1, 0, 1, 1, 1, 1, 1, 1, 0, 1, 1, 0, 1, 0, 1, 1, 0, 1, 1, 1, 1, 0, 1, 0, 1, 1, 1, 1, 0, 0, 1, 1, 0, 1, 0], "failuretime": [33.33319444, 78.16594907, 380.5550579, 64.9699537, 178.83135, 113.6858565, 363.0485417, 345.5038889, 145.4703135, 63.880983799999996, 131.73055559999997, 170.7786931, 73.3313037, 37.41604167, 31.81119313, 103.3578588, 19.3387037, 7.69334537, 174.0, 139.834375, 367.67776630000003, 0.8973106479999999, 7.843854167000001, 39.07984954, 15.36390046, 38.1631875, 18.8378135, 18.43701389, 33.39931713, 137.40538940000002, 339.46108799999996, 330.1786111, 137.8189931, 58.36519676, 51.53394676, 65.93533407, 67.65746538, 7.3059143529999995, 14.13178341, 19.4953663, 7.774641304, 8.38556713, 134.70363369999998, 135.9013543, 1.171435185, 75.03868056, 31.56366304, 173.4167345, 0.693518519, 83.78943387, 113.83975690000001, 37.33898148, 33.34690973, 11.03954861, 8.837391667, 107.3149769, 1.8846064809999998, 137.9036736, 54.78393834, 1.3036343590000001, 36.0187963, 37.5378135, 10.87677083, 54.0369313, 13.701875, 3.903453704, 35.43818387, 1.301336853, 37.054375]}